spool h:\insert_table.log;

insert into s09s2_08_apinfo (record_date) values (to_date('2013-03-23', 'yyyy-mm-dd'));
insert into s09s2_08_apinfo (record_date) values (to_date('2012-03-24', 'yyyy-mm-dd'));
insert into s09s2_08_apinfo (record_date) values (to_date('2011-03-25', 'yyyy-mm-dd'));
insert into s09s2_08_apinfo (record_date) values (to_date('2014-03-26', 'yyyy-mm-dd'));
insert into s09s2_08_apinfo (record_date) values (to_date('2004-03-27', 'yyyy-mm-dd'));
insert into s09s2_08_apinfo (record_date) values (to_date('2014-03-28', 'yyyy-mm-dd'));
insert into s09s2_08_apinfo (record_date) values (to_date('2014-03-29', 'yyyy-mm-dd'));
insert into s09s2_08_apinfo (record_date) values (to_date('2014-03-30', 'yyyy-mm-dd'));
insert into s09s2_08_apinfo (record_date) values (to_date('2014-03-31', 'yyyy-mm-dd'));
insert into s09s2_08_apinfo (record_date) values (to_date('2014-04-01', 'yyyy-mm-dd'));
insert into s09s2_08_apinfo (record_date) values (to_date('2015-04-02', 'yyyy-mm-dd'));
insert into s09s2_08_apinfo (record_date) values (to_date('2014-04-03', 'yyyy-mm-dd'));
insert into s09s2_08_apinfo (record_date) values (to_date('2014-04-04', 'yyyy-mm-dd'));
insert into s09s2_08_apinfo (record_date) values (to_date('2016-04-05', 'yyyy-mm-dd'));
insert into s09s2_08_apinfo (record_date) values (to_date('2014-04-06', 'yyyy-mm-dd'));
insert into s09s2_08_apinfo (record_date) values (to_date('2014-04-07', 'yyyy-mm-dd'));
insert into s09s2_08_apinfo (record_date) values (to_date('2024-04-08', 'yyyy-mm-dd'));
insert into s09s2_08_apinfo (record_date) values (to_date('2014-04-09', 'yyyy-mm-dd'));
insert into s09s2_08_apinfo (record_date) values (to_date('2014-04-10', 'yyyy-mm-dd'));
insert into s09s2_08_apinfo (record_date) values (to_date('2034-04-11', 'yyyy-mm-dd'));

insert into s09s2_08_apprinfo (record_date) values (to_date('2013-03-23', 'yyyy-mm-dd'));
insert into s09s2_08_apprinfo (record_date) values (to_date('2012-03-24', 'yyyy-mm-dd'));
insert into s09s2_08_apprinfo (record_date) values (to_date('2011-03-25', 'yyyy-mm-dd'));
insert into s09s2_08_apprinfo (record_date) values (to_date('2014-03-26', 'yyyy-mm-dd'));
insert into s09s2_08_apprinfo (record_date) values (to_date('2004-03-27', 'yyyy-mm-dd'));
insert into s09s2_08_apprinfo (record_date) values (to_date('2014-03-28', 'yyyy-mm-dd'));
insert into s09s2_08_apprinfo (record_date) values (to_date('2014-03-29', 'yyyy-mm-dd'));
insert into s09s2_08_apprinfo (record_date) values (to_date('2014-03-30', 'yyyy-mm-dd'));
insert into s09s2_08_apprinfo (record_date) values (to_date('2014-03-31', 'yyyy-mm-dd'));
insert into s09s2_08_apprinfo (record_date) values (to_date('2014-04-01', 'yyyy-mm-dd'));
insert into s09s2_08_apprinfo (record_date) values (to_date('2015-04-02', 'yyyy-mm-dd'));
insert into s09s2_08_apprinfo (record_date) values (to_date('2014-04-03', 'yyyy-mm-dd'));
insert into s09s2_08_apprinfo (record_date) values (to_date('2014-04-04', 'yyyy-mm-dd'));
insert into s09s2_08_apprinfo (record_date) values (to_date('2016-04-05', 'yyyy-mm-dd'));
insert into s09s2_08_apprinfo (record_date) values (to_date('2014-04-06', 'yyyy-mm-dd'));
insert into s09s2_08_apprinfo (record_date) values (to_date('2014-04-07', 'yyyy-mm-dd'));
insert into s09s2_08_apprinfo (record_date) values (to_date('2024-04-08', 'yyyy-mm-dd'));
insert into s09s2_08_apprinfo (record_date) values (to_date('2014-04-09', 'yyyy-mm-dd'));
insert into s09s2_08_apprinfo (record_date) values (to_date('2014-04-10', 'yyyy-mm-dd'));
insert into s09s2_08_apprinfo (record_date) values (to_date('2034-04-11', 'yyyy-mm-dd'));

insert into s09s2_08_refuse (record_date) values (to_date('2013-03-23', 'yyyy-mm-dd'));
insert into s09s2_08_refuse (record_date) values (to_date('2012-03-24', 'yyyy-mm-dd'));
insert into s09s2_08_refuse (record_date) values (to_date('2011-03-25', 'yyyy-mm-dd'));
insert into s09s2_08_refuse (record_date) values (to_date('2014-03-26', 'yyyy-mm-dd'));
insert into s09s2_08_refuse (record_date) values (to_date('2004-03-27', 'yyyy-mm-dd'));
insert into s09s2_08_refuse (record_date) values (to_date('2014-03-28', 'yyyy-mm-dd'));
insert into s09s2_08_refuse (record_date) values (to_date('2014-03-29', 'yyyy-mm-dd'));
insert into s09s2_08_refuse (record_date) values (to_date('2014-03-30', 'yyyy-mm-dd'));
insert into s09s2_08_refuse (record_date) values (to_date('2014-03-31', 'yyyy-mm-dd'));
insert into s09s2_08_refuse (record_date) values (to_date('2014-04-01', 'yyyy-mm-dd'));
insert into s09s2_08_refuse (record_date) values (to_date('2015-04-02', 'yyyy-mm-dd'));
insert into s09s2_08_refuse (record_date) values (to_date('2014-04-03', 'yyyy-mm-dd'));
insert into s09s2_08_refuse (record_date) values (to_date('2014-04-04', 'yyyy-mm-dd'));
insert into s09s2_08_refuse (record_date) values (to_date('2016-04-05', 'yyyy-mm-dd'));
insert into s09s2_08_refuse (record_date) values (to_date('2014-04-06', 'yyyy-mm-dd'));
insert into s09s2_08_refuse (record_date) values (to_date('2014-04-07', 'yyyy-mm-dd'));
insert into s09s2_08_refuse (record_date) values (to_date('2024-04-08', 'yyyy-mm-dd'));
insert into s09s2_08_refuse (record_date) values (to_date('2014-04-09', 'yyyy-mm-dd'));
insert into s09s2_08_refuse (record_date) values (to_date('2014-04-10', 'yyyy-mm-dd'));
insert into s09s2_08_refuse (record_date) values (to_date('2034-04-11', 'yyyy-mm-dd'));

insert into s09s2_08_svyinfo (record_date) values (to_date('2013-03-23', 'yyyy-mm-dd'));
insert into s09s2_08_svyinfo (record_date) values (to_date('2012-03-24', 'yyyy-mm-dd'));
insert into s09s2_08_svyinfo (record_date) values (to_date('2011-03-25', 'yyyy-mm-dd'));
insert into s09s2_08_svyinfo (record_date) values (to_date('2014-03-26', 'yyyy-mm-dd'));
insert into s09s2_08_svyinfo (record_date) values (to_date('2004-03-27', 'yyyy-mm-dd'));
insert into s09s2_08_svyinfo (record_date) values (to_date('2014-03-28', 'yyyy-mm-dd'));
insert into s09s2_08_svyinfo (record_date) values (to_date('2014-03-29', 'yyyy-mm-dd'));
insert into s09s2_08_svyinfo (record_date) values (to_date('2014-03-30', 'yyyy-mm-dd'));
insert into s09s2_08_svyinfo (record_date) values (to_date('2014-03-31', 'yyyy-mm-dd'));
insert into s09s2_08_svyinfo (record_date) values (to_date('2014-04-01', 'yyyy-mm-dd'));
insert into s09s2_08_svyinfo (record_date) values (to_date('2015-04-02', 'yyyy-mm-dd'));
insert into s09s2_08_svyinfo (record_date) values (to_date('2014-04-03', 'yyyy-mm-dd'));
insert into s09s2_08_svyinfo (record_date) values (to_date('2014-04-04', 'yyyy-mm-dd'));
insert into s09s2_08_svyinfo (record_date) values (to_date('2016-04-05', 'yyyy-mm-dd'));
insert into s09s2_08_svyinfo (record_date) values (to_date('2014-04-06', 'yyyy-mm-dd'));
insert into s09s2_08_svyinfo (record_date) values (to_date('2014-04-07', 'yyyy-mm-dd'));
insert into s09s2_08_svyinfo (record_date) values (to_date('2024-04-08', 'yyyy-mm-dd'));
insert into s09s2_08_svyinfo (record_date) values (to_date('2014-04-09', 'yyyy-mm-dd'));
insert into s09s2_08_svyinfo (record_date) values (to_date('2014-04-10', 'yyyy-mm-dd'));
insert into s09s2_08_svyinfo (record_date) values (to_date('2034-04-11', 'yyyy-mm-dd'));

insert into s09s2_08_workflowinfo (record_date) values (to_date('2013-03-23', 'yyyy-mm-dd'));
insert into s09s2_08_workflowinfo (record_date) values (to_date('2012-03-24', 'yyyy-mm-dd'));
insert into s09s2_08_workflowinfo (record_date) values (to_date('2011-03-25', 'yyyy-mm-dd'));
insert into s09s2_08_workflowinfo (record_date) values (to_date('2014-03-26', 'yyyy-mm-dd'));
insert into s09s2_08_workflowinfo (record_date) values (to_date('2004-03-27', 'yyyy-mm-dd'));
insert into s09s2_08_workflowinfo (record_date) values (to_date('2014-03-28', 'yyyy-mm-dd'));
insert into s09s2_08_workflowinfo (record_date) values (to_date('2014-03-29', 'yyyy-mm-dd'));
insert into s09s2_08_workflowinfo (record_date) values (to_date('2014-03-30', 'yyyy-mm-dd'));
insert into s09s2_08_workflowinfo (record_date) values (to_date('2014-03-31', 'yyyy-mm-dd'));
insert into s09s2_08_workflowinfo (record_date) values (to_date('2014-04-01', 'yyyy-mm-dd'));
insert into s09s2_08_workflowinfo (record_date) values (to_date('2015-04-02', 'yyyy-mm-dd'));
insert into s09s2_08_workflowinfo (record_date) values (to_date('2014-04-03', 'yyyy-mm-dd'));
insert into s09s2_08_workflowinfo (record_date) values (to_date('2014-04-04', 'yyyy-mm-dd'));
insert into s09s2_08_workflowinfo (record_date) values (to_date('2016-04-05', 'yyyy-mm-dd'));
insert into s09s2_08_workflowinfo (record_date) values (to_date('2014-04-06', 'yyyy-mm-dd'));
insert into s09s2_08_workflowinfo (record_date) values (to_date('2014-04-07', 'yyyy-mm-dd'));
insert into s09s2_08_workflowinfo (record_date) values (to_date('2024-04-08', 'yyyy-mm-dd'));
insert into s09s2_08_workflowinfo (record_date) values (to_date('2014-04-09', 'yyyy-mm-dd'));
insert into s09s2_08_workflowinfo (record_date) values (to_date('2014-04-10', 'yyyy-mm-dd'));
insert into s09s2_08_workflowinfo (record_date) values (to_date('2034-04-11', 'yyyy-mm-dd'));

commit;

spool off;